season,designer,look_number,image_url,caption,source_url
copenhagen-fall-2026,Aiayu,1,https://assets.vogue.com/photos/697b59457de1114b2dd0988a/master/w_2560%2Cc_limit/00001-aiayu-fall-2026-ready-to-wear-copenhagen-credit-gorunway.jpg,Look 1,https://www.vogue.com/fashion-shows/copenhagen-fall-2026/aiayu
copenhagen-fall-2026,Aiayu,2,https://assets.vogue.com/photos/697b5945336c71c0967dbae3/master/w_2560%2Cc_limit/00002-aiayu-fall-2026-ready-to-wear-copenhagen-credit-gorunway.jpg,Look 2,https://www.vogue.com/fashion-shows/copenhagen-fall-2026/aiayu
copenhagen-fall-2026,Aiayu,3,https://assets.vogue.com/photos/697b5945f15e6303eee98405/master/w_2560%2Cc_limit/00003-aiayu-fall-2026-ready-to-wear-copenhagen-credit-gorunway.jpg,Look 3,https://www.vogue.com/fashion-shows/copenhagen-fall-2026/aiayu
copenhagen-fall-2026,Aiayu,4,https://assets.vogue.com/photos/697b5947f4d40964c1d54856/master/w_2560%2Cc_limit/00004-aiayu-fall-2026-ready-to-wear-copenhagen-credit-gorunway.jpg,Look 4,https://www.vogue.com/fashion-shows/copenhagen-fall-2026/aiayu
copenhagen-fall-2026,Aiayu,5,https://assets.vogue.com/photos/697b5949ee2467be0b1b2630/master/w_2560%2Cc_limit/00005-aiayu-fall-2026-ready-to-wear-copenhagen-credit-gorunway.jpg,Look 5,https://www.vogue.com/fashion-shows/copenhagen-fall-2026/aiayu
copenhagen-fall-2026,Aiayu,6,https://assets.vogue.com/photos/697b59499a63c64d02cb059a/master/w_2560%2Cc_limit/00006-aiayu-fall-2026-ready-to-wear-copenhagen-credit-gorunway.jpg,Look 6,https://www.vogue.com/fashion-shows/copenhagen-fall-2026/aiayu
copenhagen-fall-2026,Aiayu,7,https://assets.vogue.com/photos/697b5992e7ea7b161a53ba48/master/w_1280%2Cc_limit/00001-aiayu-fall-2026-ready-to-wear-copenhagen-credit-gorunway.jpg,Copenhagen Fall 2026,https://www.vogue.com/fashion-shows/copenhagen-fall-2026/aiayu
copenhagen-fall-2026,Aiayu,8,https://assets.vogue.com/photos/6894f4d716c1d425c8f95b30/master/w_1280%2Cc_limit/00001-aiayu-spring-2026-ready-to-wear-copenhagen-credit-brand.jpg,Copenhagen Spring 2026,https://www.vogue.com/fashion-shows/copenhagen-fall-2026/aiayu
copenhagen-fall-2026,Anne Sofie Madsen,1,https://assets.vogue.com/photos/6979159d77d2a09a9ccb89ce/master/w_2560%2Cc_limit/00001-anne-sofie-madsen-fall-2026-ready-to-wear-copenhagen-credit-gorunway.jpg,Look 1,https://www.vogue.com/fashion-shows/copenhagen-fall-2026/anne-sofie-madsen
copenhagen-fall-2026,Anne Sofie Madsen,2,https://assets.vogue.com/photos/6979159c595762391bcfc0ef/master/w_2560%2Cc_limit/00002-anne-sofie-madsen-fall-2026-ready-to-wear-copenhagen-credit-gorunway.jpg,Look 2,https://www.vogue.com/fashion-shows/copenhagen-fall-2026/anne-sofie-madsen
copenhagen-fall-2026,Anne Sofie Madsen,3,https://assets.vogue.com/photos/6979159d2b9a980bfc4650bb/master/w_2560%2Cc_limit/00003-anne-sofie-madsen-fall-2026-ready-to-wear-copenhagen-credit-gorunway.jpg,Look 3,https://www.vogue.com/fashion-shows/copenhagen-fall-2026/anne-sofie-madsen
copenhagen-fall-2026,Anne Sofie Madsen,4,https://assets.vogue.com/photos/697915a009db3c8f6403b653/master/w_2560%2Cc_limit/00004-anne-sofie-madsen-fall-2026-ready-to-wear-copenhagen-credit-gorunway.jpg,Look 4,https://www.vogue.com/fashion-shows/copenhagen-fall-2026/anne-sofie-madsen
copenhagen-fall-2026,Anne Sofie Madsen,5,https://assets.vogue.com/photos/697915a26a5bb9241e0862c9/master/w_2560%2Cc_limit/00005-anne-sofie-madsen-fall-2026-ready-to-wear-copenhagen-credit-gorunway.jpg,Look 5,https://www.vogue.com/fashion-shows/copenhagen-fall-2026/anne-sofie-madsen
copenhagen-fall-2026,Anne Sofie Madsen,6,https://assets.vogue.com/photos/697915a10070474b19f6a752/master/w_2560%2Cc_limit/00006-anne-sofie-madsen-fall-2026-ready-to-wear-copenhagen-credit-gorunway.jpg,Look 6,https://www.vogue.com/fashion-shows/copenhagen-fall-2026/anne-sofie-madsen
copenhagen-fall-2026,Anne Sofie Madsen,7,https://assets.vogue.com/photos/697916004b1e508cfa463d38/master/w_1280%2Cc_limit/00001-anne-sofie-madsen-fall-2026-ready-to-wear-copenhagen-credit-gorunway.jpg,Copenhagen Fall 2026,https://www.vogue.com/fashion-shows/copenhagen-fall-2026/anne-sofie-madsen
copenhagen-fall-2026,Anne Sofie Madsen,8,https://assets.vogue.com/photos/6891ea00d3103a8903fb9aef/master/w_1280%2Cc_limit/00001-anne-sofie-madsen-spring-2026-ready-to-wear-copenhagen-credit-gorunway.jpg,Copenhagen Spring 2026,https://www.vogue.com/fashion-shows/copenhagen-fall-2026/anne-sofie-madsen
copenhagen-fall-2026,Anne Sofie Madsen,9,https://assets.vogue.com/photos/6798d60ffa7aff13f749fba0/master/w_1280%2Cc_limit/00001-anne-sofie-madsen-fall-2025-ready-to-wear-copenhagen-credit-brand.jpg,Copenhagen Fall 2025,https://www.vogue.com/fashion-shows/copenhagen-fall-2026/anne-sofie-madsen
copenhagen-fall-2026,Anne Sofie Madsen,10,https://assets.vogue.com/photos/67929cc740b29067f25397a2/master/w_1280%2Cc_limit/00001-anne-sofie-madsen-fall-2017-ready-to-wear-credit-guillaume-roujas-brand.jpg,Fall 2017 Ready-to-Wear,https://www.vogue.com/fashion-shows/copenhagen-fall-2026/anne-sofie-madsen
copenhagen-fall-2026,Anne Sofie Madsen,11,https://assets.vogue.com/photos/67929b81258ffec00f6c71fa/master/w_1280%2Cc_limit/00001-anne-sofie-madsen-spring-2016-ready-to-wear-credit-shoji-fujii-brand.jpg,Spring 2016 Ready-to-Wear,https://www.vogue.com/fashion-shows/copenhagen-fall-2026/anne-sofie-madsen
copenhagen-fall-2026,Anne Sofie Madsen,12,https://assets.vogue.com/photos/67929f2d3ad97be052fd32ad/master/w_1280%2Cc_limit/00001-anne-sofie-madsen-spring-2018-ready-to-wear-credit-hans-zeuthen-brand.jpg,Spring 2018 Ready-to-Wear,https://www.vogue.com/fashion-shows/copenhagen-fall-2026/anne-sofie-madsen
copenhagen-fall-2026,Arnar Mar Jonsson,1,https://assets.vogue.com/photos/697c7a77c4f69a68e363995f/master/w_2560%2Cc_limit/00001-ranra-fall-2026-ready-to-wear-copenhagen-credit-brand.jpg,Look 1,https://www.vogue.com/fashion-shows/copenhagen-fall-2026/arnar-mar-jonsson
copenhagen-fall-2026,Arnar Mar Jonsson,2,https://assets.vogue.com/photos/697c7a7736d9d31b22fa1021/master/w_2560%2Cc_limit/00002-ranra-fall-2026-ready-to-wear-copenhagen-credit-brand.jpg,Look 2,https://www.vogue.com/fashion-shows/copenhagen-fall-2026/arnar-mar-jonsson
copenhagen-fall-2026,Arnar Mar Jonsson,3,https://assets.vogue.com/photos/697c7a776ae46125f4accb15/master/w_2560%2Cc_limit/00003-ranra-fall-2026-ready-to-wear-copenhagen-credit-brand.jpg,Look 3,https://www.vogue.com/fashion-shows/copenhagen-fall-2026/arnar-mar-jonsson
copenhagen-fall-2026,Arnar Mar Jonsson,4,https://assets.vogue.com/photos/697c7a7af9dc0936028080a4/master/w_2560%2Cc_limit/00004-ranra-fall-2026-ready-to-wear-copenhagen-credit-brand.jpg,Look 4,https://www.vogue.com/fashion-shows/copenhagen-fall-2026/arnar-mar-jonsson
copenhagen-fall-2026,Arnar Mar Jonsson,5,https://assets.vogue.com/photos/697c7a7abe46ef95e45b23df/master/w_2560%2Cc_limit/00005-ranra-fall-2026-ready-to-wear-copenhagen-credit-brand.jpg,Look 5,https://www.vogue.com/fashion-shows/copenhagen-fall-2026/arnar-mar-jonsson
copenhagen-fall-2026,Arnar Mar Jonsson,6,https://assets.vogue.com/photos/697c7a7b5a5174c483dd0639/master/w_2560%2Cc_limit/00006-ranra-fall-2026-ready-to-wear-copenhagen-credit-brand.jpg,Look 6,https://www.vogue.com/fashion-shows/copenhagen-fall-2026/arnar-mar-jonsson
copenhagen-fall-2026,Arnar Mar Jonsson,7,https://assets.vogue.com/photos/697c7bf5d0457bf987ad3dd9/master/w_1280%2Cc_limit/00001-ranra-fall-2026-ready-to-wear-copenhagen-credit-brand.jpg,Copenhagen Fall 2026,https://www.vogue.com/fashion-shows/copenhagen-fall-2026/arnar-mar-jonsson
copenhagen-fall-2026,Arnar Mar Jonsson,8,https://assets.vogue.com/photos/6890c8e98c0bddcb6c2bcc8c/master/w_1280%2Cc_limit/00001-ranra-spring-2026-ready-to-wear-copenhagen-credit-gorunway.jpg,Copenhagen Spring 2026,https://www.vogue.com/fashion-shows/copenhagen-fall-2026/arnar-mar-jonsson
copenhagen-fall-2026,Arnar Mar Jonsson,9,https://assets.vogue.com/photos/67b484de43d6d74f53ca366f/master/w_1280%2Cc_limit/00001-ranra-fall-2025-menswear-credit-brand.jpg,Fall 2025 Menswear,https://www.vogue.com/fashion-shows/copenhagen-fall-2026/arnar-mar-jonsson
copenhagen-fall-2026,Arnar Mar Jonsson,10,https://assets.vogue.com/photos/66729868c03e30af4ca6bcbb/master/w_1280%2Cc_limit/00001-ranra-spring-2025-menswear-credit-william-scarborough.jpg,Spring 2025 Menswear,https://www.vogue.com/fashion-shows/copenhagen-fall-2026/arnar-mar-jonsson
copenhagen-fall-2026,Arnar Mar Jonsson,11,https://assets.vogue.com/photos/65af854463dc938187fe85d9/master/w_1280%2Cc_limit/00011-ranra-fall-2024-mens-credit-brand.jpg,Fall 2024 Menswear,https://www.vogue.com/fashion-shows/copenhagen-fall-2026/arnar-mar-jonsson
copenhagen-fall-2026,Arnar Mar Jonsson,12,https://assets.vogue.com/photos/649546dacbbd9203f434ccb9/master/w_1280%2Cc_limit/00001-ranra-spring-2024-menswear-credit-will-scarborough.jpg,Spring 2024 Menswear,https://www.vogue.com/fashion-shows/copenhagen-fall-2026/arnar-mar-jonsson
copenhagen-fall-2026,Baum Und Pferdgarten,1,https://assets.vogue.com/photos/697a68f12dd311a1bbdb362a/master/w_2560%2Cc_limit/00001-baum-und-pferdgarten-fall-2026-ready-to-wear-copenhagen-credit-gorunway.jpg,Look 1,https://www.vogue.com/fashion-shows/copenhagen-fall-2026/baum-und-pferdgarten
copenhagen-fall-2026,Baum Und Pferdgarten,2,https://assets.vogue.com/photos/697a68f14b5f9005768088c6/master/w_2560%2Cc_limit/00002-baum-und-pferdgarten-fall-2026-ready-to-wear-copenhagen-credit-gorunway.jpg,Look 2,https://www.vogue.com/fashion-shows/copenhagen-fall-2026/baum-und-pferdgarten
copenhagen-fall-2026,Baum Und Pferdgarten,3,https://assets.vogue.com/photos/697a68f3cf3ea91c30bd4789/master/w_2560%2Cc_limit/00003-baum-und-pferdgarten-fall-2026-ready-to-wear-copenhagen-credit-gorunway.jpg,Look 3,https://www.vogue.com/fashion-shows/copenhagen-fall-2026/baum-und-pferdgarten
copenhagen-fall-2026,Baum Und Pferdgarten,4,https://assets.vogue.com/photos/697a68f50d6164e9ba819be3/master/w_2560%2Cc_limit/00004-baum-und-pferdgarten-fall-2026-ready-to-wear-copenhagen-credit-gorunway.jpg,Look 4,https://www.vogue.com/fashion-shows/copenhagen-fall-2026/baum-und-pferdgarten
copenhagen-fall-2026,Baum Und Pferdgarten,5,https://assets.vogue.com/photos/697a68f5dfdf5c818ab1b190/master/w_2560%2Cc_limit/00005-baum-und-pferdgarten-fall-2026-ready-to-wear-copenhagen-credit-gorunway.jpg,Look 5,https://www.vogue.com/fashion-shows/copenhagen-fall-2026/baum-und-pferdgarten
copenhagen-fall-2026,Baum Und Pferdgarten,6,https://assets.vogue.com/photos/697a68f8f7bbf554af311d09/master/w_2560%2Cc_limit/00006-baum-und-pferdgarten-fall-2026-ready-to-wear-copenhagen-credit-gorunway.jpg,Look 6,https://www.vogue.com/fashion-shows/copenhagen-fall-2026/baum-und-pferdgarten
copenhagen-fall-2026,Baum Und Pferdgarten,7,https://assets.vogue.com/photos/697a68b5f7bbf554af311d07/master/w_1280%2Cc_limit/00001-baum-und-pferdgarten-fall-2026-ready-to-wear-copenhagen-credit-gorunway.jpg,Copenhagen Fall 2026,https://www.vogue.com/fashion-shows/copenhagen-fall-2026/baum-und-pferdgarten
copenhagen-fall-2026,Baum Und Pferdgarten,8,https://assets.vogue.com/photos/690330b0d8bd495697f4fc07/master/w_1280%2Cc_limit/00001-baum-und-pferdgarten-pre-fall-2026-credit-brand.jpg,Pre-Fall 2026,https://www.vogue.com/fashion-shows/copenhagen-fall-2026/baum-und-pferdgarten
copenhagen-fall-2026,Baum Und Pferdgarten,9,https://assets.vogue.com/photos/6893b0493454e9d43b114654/master/w_1280%2Cc_limit/00001-baum-und-pferdgarten-spring-2026-ready-to-wear-copenhagen-credit-gorunway.jpg,Copenhagen Spring 2026,https://www.vogue.com/fashion-shows/copenhagen-fall-2026/baum-und-pferdgarten
copenhagen-fall-2026,Baum Und Pferdgarten,10,https://assets.vogue.com/photos/681b61376cf0c6a18f7f5e99/master/w_1280%2Cc_limit/00001-baum-und-pferdgarten-resort-2026-credit-brand.jpg,Resort 2026,https://www.vogue.com/fashion-shows/copenhagen-fall-2026/baum-und-pferdgarten
copenhagen-fall-2026,Baum Und Pferdgarten,11,https://assets.vogue.com/photos/679a9e6cb52b148525153e41/master/w_1280%2Cc_limit/00001-baum-und-pferdgarten-fall-2025-ready-to-wear-copenhagen-credit-gorunway.jpg,Copenhagen Fall 2025,https://www.vogue.com/fashion-shows/copenhagen-fall-2026/baum-und-pferdgarten
copenhagen-fall-2026,Baum Und Pferdgarten,12,https://assets.vogue.com/photos/6735ce643c7a5e1b58d65359/master/w_1280%2Cc_limit/00001-baum-und-pferdgarten-pre-fall-2025-credit-brand.jpg,Pre-Fall 2025,https://www.vogue.com/fashion-shows/copenhagen-fall-2026/baum-und-pferdgarten
copenhagen-fall-2026,Bonnetje,1,https://assets.vogue.com/photos/6978ffb9d5d76b333abadae8/master/w_2560%2Cc_limit/00001-bonnetje-fall-2026-ready-to-wear-copenhagen-credit-kresten-julian-sommer-brand.jpg,Look 1,https://www.vogue.com/fashion-shows/copenhagen-fall-2026/bonnetje
copenhagen-fall-2026,Bonnetje,2,https://assets.vogue.com/photos/6978ffbb74abed7c0f44581d/master/w_2560%2Cc_limit/00002-bonnetje-fall-2026-ready-to-wear-copenhagen-credit-kresten-julian-sommer-brand.jpg,Look 2,https://www.vogue.com/fashion-shows/copenhagen-fall-2026/bonnetje
copenhagen-fall-2026,Bonnetje,3,https://assets.vogue.com/photos/6978ffba4b1e508cfa463d26/master/w_2560%2Cc_limit/00003-bonnetje-fall-2026-ready-to-wear-copenhagen-credit-kresten-julian-sommer-brand.jpg,Look 3,https://www.vogue.com/fashion-shows/copenhagen-fall-2026/bonnetje
copenhagen-fall-2026,Bonnetje,4,https://assets.vogue.com/photos/6978ffbe4ecbcaf7b3d915fe/master/w_2560%2Cc_limit/00004-bonnetje-fall-2026-ready-to-wear-copenhagen-credit-kresten-julian-sommer-brand.jpg,Look 4,https://www.vogue.com/fashion-shows/copenhagen-fall-2026/bonnetje
copenhagen-fall-2026,Bonnetje,5,https://assets.vogue.com/photos/6978ffbe595762391bcfc0d5/master/w_2560%2Cc_limit/00005-bonnetje-fall-2026-ready-to-wear-copenhagen-credit-kresten-julian-sommer-brand.jpg,Look 5,https://www.vogue.com/fashion-shows/copenhagen-fall-2026/bonnetje
copenhagen-fall-2026,Bonnetje,6,https://assets.vogue.com/photos/6978ffbec5e8076bb8b7f908/master/w_2560%2Cc_limit/00006-bonnetje-fall-2026-ready-to-wear-copenhagen-credit-kresten-julian-sommer-brand.jpg,Look 6,https://www.vogue.com/fashion-shows/copenhagen-fall-2026/bonnetje
copenhagen-fall-2026,Bonnetje,7,https://assets.vogue.com/photos/697900146a5bb9241e0862b6/master/w_1280%2Cc_limit/00001-bonnetje-fall-2026-ready-to-wear-copenhagen-credit-kresten-julian-sommer-brand.jpg,Copenhagen Fall 2026,https://www.vogue.com/fashion-shows/copenhagen-fall-2026/bonnetje
copenhagen-fall-2026,Bonnetje,8,https://assets.vogue.com/photos/6890e7da8150591b78ea1402/master/w_1280%2Cc_limit/00001-bonnetje-spring-2026-ready-to-wear-copenhagen-credit-gorunway.jpg,Copenhagen Spring 2026,https://www.vogue.com/fashion-shows/copenhagen-fall-2026/bonnetje
copenhagen-fall-2026,Bonnetje,9,https://assets.vogue.com/photos/6797b288edf178cf051ef716/master/w_1280%2Cc_limit/_UMB5791.jpg,Copenhagen Fall 2025,https://www.vogue.com/fashion-shows/copenhagen-fall-2026/bonnetje
copenhagen-fall-2026,By Malene Birger,1,https://assets.vogue.com/photos/6978a560b3c727e7b69ad225/master/w_2560%2Cc_limit/00001-by-malene-birger-fall-2026-ready-to-wear-credit-brand.jpg,Look 1,https://www.vogue.com/fashion-shows/copenhagen-fall-2026/by-malene-birger
copenhagen-fall-2026,By Malene Birger,2,https://assets.vogue.com/photos/6978a55fbee6a758c646027d/master/w_2560%2Cc_limit/00002-by-malene-birger-fall-2026-ready-to-wear-credit-brand.jpg,Look 2,https://www.vogue.com/fashion-shows/copenhagen-fall-2026/by-malene-birger
copenhagen-fall-2026,By Malene Birger,3,https://assets.vogue.com/photos/6978a56167be7139a459f389/master/w_2560%2Cc_limit/00003-by-malene-birger-fall-2026-ready-to-wear-credit-brand.jpg,Look 3,https://www.vogue.com/fashion-shows/copenhagen-fall-2026/by-malene-birger
copenhagen-fall-2026,By Malene Birger,4,https://assets.vogue.com/photos/6978a56364bde1570277ba06/master/w_2560%2Cc_limit/00004-by-malene-birger-fall-2026-ready-to-wear-credit-brand.jpg,Look 4,https://www.vogue.com/fashion-shows/copenhagen-fall-2026/by-malene-birger
copenhagen-fall-2026,By Malene Birger,5,https://assets.vogue.com/photos/6978a563bacb29b8cf249527/master/w_2560%2Cc_limit/00005-by-malene-birger-fall-2026-ready-to-wear-credit-brand.jpg,Look 5,https://www.vogue.com/fashion-shows/copenhagen-fall-2026/by-malene-birger
copenhagen-fall-2026,By Malene Birger,6,https://assets.vogue.com/photos/6978a564b925045867e7893a/master/w_2560%2Cc_limit/00006-by-malene-birger-fall-2026-ready-to-wear-credit-brand.jpg,Look 6,https://www.vogue.com/fashion-shows/copenhagen-fall-2026/by-malene-birger
copenhagen-fall-2026,By Malene Birger,7,https://assets.vogue.com/photos/6978a51a5cbcd0a75f05162f/master/w_1280%2Cc_limit/00001-by-malene-birger-fall-2026-ready-to-wear-credit-brand.jpg,Copenhagen Fall 2026,https://www.vogue.com/fashion-shows/copenhagen-fall-2026/by-malene-birger
copenhagen-fall-2026,By Malene Birger,8,https://assets.vogue.com/photos/691b47c848b6a61521ca8794/master/w_1280%2Cc_limit/00001-by-malene-birger-pre-fall-2026-credit-brand.jpg,Pre-Fall 2026,https://www.vogue.com/fashion-shows/copenhagen-fall-2026/by-malene-birger
copenhagen-fall-2026,By Malene Birger,9,https://assets.vogue.com/photos/68a897a66702eba1976bff25/master/w_1280%2Cc_limit/00001-by-malene-birger-spring-2026-ready-to-wear-copenhagen-credit-brand.jpg,Copenhagen Spring 2026,https://www.vogue.com/fashion-shows/copenhagen-fall-2026/by-malene-birger
copenhagen-fall-2026,By Malene Birger,10,https://assets.vogue.com/photos/684004838e0a4f8729f302f9/master/w_1280%2Cc_limit/00001-by-malene-birger-resort-2026-credit-brand.jpg,Resort 2026,https://www.vogue.com/fashion-shows/copenhagen-fall-2026/by-malene-birger
copenhagen-fall-2026,By Malene Birger,11,https://assets.vogue.com/photos/679b4d31ebbe9d0d3a7a2663/master/w_1280%2Cc_limit/00001-by-malene-birger-fall-2025-ready-to-wear-credit-brand.jpg,Fall 2025 Ready-to-Wear,https://www.vogue.com/fashion-shows/copenhagen-fall-2026/by-malene-birger
copenhagen-fall-2026,By Malene Birger,12,https://assets.vogue.com/photos/6751783ef219a61e4f87e89a/master/w_1280%2Cc_limit/00001-by-malene-birger-pre-fall-2025-credit-brand.jpg,Pre-Fall 2025,https://www.vogue.com/fashion-shows/copenhagen-fall-2026/by-malene-birger
copenhagen-fall-2026,Caro Editions,1,https://assets.vogue.com/photos/69790c6754f3775182f808cd/master/w_2560%2Cc_limit/00001-caro-editions-fall-2026-ready-to-wear-copenhagen-credit-brand.jpg,Look 1,https://www.vogue.com/fashion-shows/copenhagen-fall-2026/caro-editions
copenhagen-fall-2026,Caro Editions,2,https://assets.vogue.com/photos/69790c6852e39ed71f16aafe/master/w_2560%2Cc_limit/00002-caro-editions-fall-2026-ready-to-wear-copenhagen-credit-brand.jpg,Look 2,https://www.vogue.com/fashion-shows/copenhagen-fall-2026/caro-editions
copenhagen-fall-2026,Caro Editions,3,https://assets.vogue.com/photos/697926a46f3ce2835d64726b/master/w_2560%2Cc_limit/00002a-caro-editions-fall-2026-ready-to-wear-copenhagen-credit-brand.jpg,Look 3,https://www.vogue.com/fashion-shows/copenhagen-fall-2026/caro-editions
copenhagen-fall-2026,Caro Editions,4,https://assets.vogue.com/photos/69790c6855f954efb9a6860b/master/w_2560%2Cc_limit/00003-caro-editions-fall-2026-ready-to-wear-copenhagen-credit-brand.jpg,Look 4,https://www.vogue.com/fashion-shows/copenhagen-fall-2026/caro-editions
copenhagen-fall-2026,Caro Editions,5,https://assets.vogue.com/photos/69790c6a3f0eefba8e86768a/master/w_2560%2Cc_limit/00004-caro-editions-fall-2026-ready-to-wear-copenhagen-credit-brand.jpg,Look 5,https://www.vogue.com/fashion-shows/copenhagen-fall-2026/caro-editions
copenhagen-fall-2026,Caro Editions,6,https://assets.vogue.com/photos/69790c6b1c52f3591f612406/master/w_2560%2Cc_limit/00005-caro-editions-fall-2026-ready-to-wear-copenhagen-credit-brand.jpg,Look 6,https://www.vogue.com/fashion-shows/copenhagen-fall-2026/caro-editions
copenhagen-fall-2026,Caro Editions,7,https://assets.vogue.com/photos/69790cdfbd02fd5cd2a3d160/master/w_2560%2Cc_limit/00001a-caro-editions-fall-2026-ready-to-wear-copenhagen-details-credit-brand.jpg,Detail Look 1,https://www.vogue.com/fashion-shows/copenhagen-fall-2026/caro-editions
copenhagen-fall-2026,Caro Editions,8,https://assets.vogue.com/photos/69790cde7b3b33445f0a523d/master/w_2560%2Cc_limit/00002a-caro-editions-fall-2026-ready-to-wear-copenhagen-details-credit-brand.jpg,Detail Look 2,https://www.vogue.com/fashion-shows/copenhagen-fall-2026/caro-editions
copenhagen-fall-2026,Caro Editions,9,https://assets.vogue.com/photos/69790cde2788d784149a5245/master/w_2560%2Cc_limit/00003a-caro-editions-fall-2026-ready-to-wear-copenhagen-details-credit-brand.jpg,Detail Look 3,https://www.vogue.com/fashion-shows/copenhagen-fall-2026/caro-editions
copenhagen-fall-2026,Caro Editions,10,https://assets.vogue.com/photos/69790ce1dd36f2c90b340ce7/master/w_2560%2Cc_limit/00006a-caro-editions-fall-2026-ready-to-wear-copenhagen-details-credit-brand.jpg,Detail Look 4,https://www.vogue.com/fashion-shows/copenhagen-fall-2026/caro-editions
copenhagen-fall-2026,Caro Editions,11,https://assets.vogue.com/photos/69790ce14b1e508cfa463d33/master/w_2560%2Cc_limit/00007a-caro-editions-fall-2026-ready-to-wear-copenhagen-details-credit-brand.jpg,Detail Look 5,https://www.vogue.com/fashion-shows/copenhagen-fall-2026/caro-editions
copenhagen-fall-2026,Caro Editions,12,https://assets.vogue.com/photos/69790ce21a52ec13209bbfbb/master/w_2560%2Cc_limit/00009a-caro-editions-fall-2026-ready-to-wear-copenhagen-details-credit-brand.jpg,Detail Look 6,https://www.vogue.com/fashion-shows/copenhagen-fall-2026/caro-editions
copenhagen-fall-2026,Caro Editions,13,https://assets.vogue.com/photos/69790d2d046219acae13c3f9/master/w_1280%2Cc_limit/00001-caro-editions-fall-2026-ready-to-wear-copenhagen-credit-brand.jpg,Copenhagen Fall 2026,https://www.vogue.com/fashion-shows/copenhagen-fall-2026/caro-editions
copenhagen-fall-2026,Caro Editions,14,https://assets.vogue.com/photos/68911e2c1cffee30378a9227/master/w_1280%2Cc_limit/00001-caro-editions-spring-2026-ready-to-wear-copenhagen-credit-brand.jpg,Copenhagen Spring 2026,https://www.vogue.com/fashion-shows/copenhagen-fall-2026/caro-editions
copenhagen-fall-2026,Caro Editions,15,https://assets.vogue.com/photos/679a706bb52b148525153d2e/master/w_1280%2Cc_limit/00001-caro-editions-fall-2025-ready-to-wear-copenhagen-credit-brand.jpg,Copenhagen Fall 2025,https://www.vogue.com/fashion-shows/copenhagen-fall-2026/caro-editions
copenhagen-fall-2026,Caro Editions,16,https://assets.vogue.com/photos/66b284a721abcf9b98f70174/master/w_1280%2Cc_limit/00001-caro-editions-spring-2025-ready-to-wear-copenhagen-credit-nikolaj-moeller-brand.jpg,Copenhagen Spring 2025,https://www.vogue.com/fashion-shows/copenhagen-fall-2026/caro-editions
copenhagen-fall-2026,Caro Editions,17,https://assets.vogue.com/photos/65bbbba8cb121291878d2997/master/w_1280%2Cc_limit/00001-caro-editions-fall-2024-ready-to-wear-copenhagen-credit-nikolai-moeller.jpg,Copenhagen Fall 2024,https://www.vogue.com/fashion-shows/copenhagen-fall-2026/caro-editions
copenhagen-fall-2026,Henrik Vibskov,1,https://assets.vogue.com/photos/697a4ceb0e020ac9950ca289/master/w_2560%2Cc_limit/00001-henrik-vibskov-fall-2026-ready-to-wear-copenhagen-credit-gorunway.jpg,Look 1,https://www.vogue.com/fashion-shows/copenhagen-fall-2026/henrik-vibskov
copenhagen-fall-2026,Henrik Vibskov,2,https://assets.vogue.com/photos/697a4cecdfdf5c818ab1b163/master/w_2560%2Cc_limit/00002-henrik-vibskov-fall-2026-ready-to-wear-copenhagen-credit-gorunway.jpg,Look 2,https://www.vogue.com/fashion-shows/copenhagen-fall-2026/henrik-vibskov
copenhagen-fall-2026,Henrik Vibskov,3,https://assets.vogue.com/photos/697a4cece7ea7b161a53b9f5/master/w_2560%2Cc_limit/00003-henrik-vibskov-fall-2026-ready-to-wear-copenhagen-credit-gorunway.jpg,Look 3,https://www.vogue.com/fashion-shows/copenhagen-fall-2026/henrik-vibskov
copenhagen-fall-2026,Henrik Vibskov,4,https://assets.vogue.com/photos/697a4cefe88d1a92eedf4594/master/w_2560%2Cc_limit/00004-henrik-vibskov-fall-2026-ready-to-wear-copenhagen-credit-gorunway.jpg,Look 4,https://www.vogue.com/fashion-shows/copenhagen-fall-2026/henrik-vibskov
copenhagen-fall-2026,Henrik Vibskov,5,https://assets.vogue.com/photos/697a4cf0059e3fea05b3ec32/master/w_2560%2Cc_limit/00005-henrik-vibskov-fall-2026-ready-to-wear-copenhagen-credit-gorunway.jpg,Look 5,https://www.vogue.com/fashion-shows/copenhagen-fall-2026/henrik-vibskov
copenhagen-fall-2026,Henrik Vibskov,6,https://assets.vogue.com/photos/697a4cf1683d38cf797d431d/master/w_2560%2Cc_limit/00006-henrik-vibskov-fall-2026-ready-to-wear-copenhagen-credit-gorunway.jpg,Look 6,https://www.vogue.com/fashion-shows/copenhagen-fall-2026/henrik-vibskov
copenhagen-fall-2026,Henrik Vibskov,7,https://assets.vogue.com/photos/697a4ca55706bbf1a5ea6e49/master/w_1280%2Cc_limit/00001-henrik-vibskov-fall-2026-ready-to-wear-copenhagen-credit-gorunway.jpg,Copenhagen Fall 2026,https://www.vogue.com/fashion-shows/copenhagen-fall-2026/henrik-vibskov
copenhagen-fall-2026,Henrik Vibskov,8,https://assets.vogue.com/photos/68938761c4d225a79b8bcd06/master/w_1280%2Cc_limit/00001-henrik-vibskov-spring-2026-ready-to-wear-copenhagen-credit-gorunway.jpg,Copenhagen Spring 2026,https://www.vogue.com/fashion-shows/copenhagen-fall-2026/henrik-vibskov
copenhagen-fall-2026,Henrik Vibskov,9,https://assets.vogue.com/photos/679a5cac3095491484a8e65d/master/w_1280%2Cc_limit/00001-henrik-vibskov-fall-2025-ready-to-wear-copenhagen-credit-gorunway.jpg,Copenhagen Fall 2025,https://www.vogue.com/fashion-shows/copenhagen-fall-2026/henrik-vibskov
copenhagen-fall-2026,Henrik Vibskov,10,https://assets.vogue.com/photos/66b3a33ae3d87469d74d3a7d/master/w_1280%2Cc_limit/_UMB4353.jpg,Copenhagen Spring 2025,https://www.vogue.com/fashion-shows/copenhagen-fall-2026/henrik-vibskov
copenhagen-fall-2026,Henrik Vibskov,11,https://assets.vogue.com/photos/65ba81a65f8958b63b8d49ec/master/w_1280%2Cc_limit/ADR00027.jpg,Copenhagen Fall 2024,https://www.vogue.com/fashion-shows/copenhagen-fall-2026/henrik-vibskov
copenhagen-fall-2026,Henrik Vibskov,12,https://assets.vogue.com/photos/64d3e8c0903d9fdc472cabcf/master/w_1280%2Cc_limit/00001-henrik-vibskov-spring-2024-ready-to-wear-copenhagen-credit-gorunway.jpg,Copenhagen Spring 2024,https://www.vogue.com/fashion-shows/copenhagen-fall-2026/henrik-vibskov
copenhagen-fall-2026,Holzweiler,1,https://assets.vogue.com/photos/697a5d49bc757bffa5043293/master/w_2560%2Cc_limit/00001-holzweiler-fall-2026-ready-to-wear-copenhagen-credit-gorunway.jpg,Look 1,https://www.vogue.com/fashion-shows/copenhagen-fall-2026/holzweiler
copenhagen-fall-2026,Holzweiler,2,https://assets.vogue.com/photos/697a5d495706bbf1a5ea6e55/master/w_2560%2Cc_limit/00002-holzweiler-fall-2026-ready-to-wear-copenhagen-credit-gorunway.jpg,Look 2,https://www.vogue.com/fashion-shows/copenhagen-fall-2026/holzweiler
copenhagen-fall-2026,Holzweiler,3,https://assets.vogue.com/photos/697a5d4ad020de4c61f9a95c/master/w_2560%2Cc_limit/00003-holzweiler-fall-2026-ready-to-wear-copenhagen-credit-gorunway.jpg,Look 3,https://www.vogue.com/fashion-shows/copenhagen-fall-2026/holzweiler
copenhagen-fall-2026,Holzweiler,4,https://assets.vogue.com/photos/697a5d4d5a1f684c789e1ebf/master/w_2560%2Cc_limit/00004-holzweiler-fall-2026-ready-to-wear-copenhagen-credit-gorunway.jpg,Look 4,https://www.vogue.com/fashion-shows/copenhagen-fall-2026/holzweiler
copenhagen-fall-2026,Holzweiler,5,https://assets.vogue.com/photos/697a5d4e0d6164e9ba819bcd/master/w_2560%2Cc_limit/00005-holzweiler-fall-2026-ready-to-wear-copenhagen-credit-gorunway.jpg,Look 5,https://www.vogue.com/fashion-shows/copenhagen-fall-2026/holzweiler
copenhagen-fall-2026,Holzweiler,6,https://assets.vogue.com/photos/697a5d4e27e5df4b431d735b/master/w_2560%2Cc_limit/00006-holzweiler-fall-2026-ready-to-wear-copenhagen-credit-gorunway.jpg,Look 6,https://www.vogue.com/fashion-shows/copenhagen-fall-2026/holzweiler
copenhagen-fall-2026,Holzweiler,7,https://assets.vogue.com/photos/697a5cee7cb73b20dcb9506e/master/w_1280%2Cc_limit/00001-holzweiler-fall-2026-ready-to-wear-copenhagen-credit-gorunway.jpg,Copenhagen Fall 2026,https://www.vogue.com/fashion-shows/copenhagen-fall-2026/holzweiler
copenhagen-fall-2026,Holzweiler,8,https://assets.vogue.com/photos/689b0f7f2d8daff5dfbc092a/master/w_1280%2Cc_limit/00001-holzweiler-spring-2026-ready-to-wear-copenhagen-credit-brand.jpg,Copenhagen Spring 2026,https://www.vogue.com/fashion-shows/copenhagen-fall-2026/holzweiler
copenhagen-fall-2026,Holzweiler,9,https://assets.vogue.com/photos/67c18eb3338eba227ffff0fa/master/w_1280%2Cc_limit/00001-holzweiler-fall-2025-ready-to-wear-credit-brand.jpg,Fall 2025 Ready-to-Wear,https://www.vogue.com/fashion-shows/copenhagen-fall-2026/holzweiler
copenhagen-fall-2026,Holzweiler,10,https://assets.vogue.com/photos/670d131e22d8ca60fd669ad3/master/w_1280%2Cc_limit/00001-holzweiler-spring-2025-ready-to-wear-credit-brand.jpg,Spring 2025 Ready-to-Wear,https://www.vogue.com/fashion-shows/copenhagen-fall-2026/holzweiler
copenhagen-fall-2026,Holzweiler,11,https://assets.vogue.com/photos/65d23e967c21a8e536d90430/master/w_1280%2Cc_limit/00001-holzweiler-fall-2024-ready-to-wear-credit-gorunway.jpg,Fall 2024 Ready-to-Wear,https://www.vogue.com/fashion-shows/copenhagen-fall-2026/holzweiler
copenhagen-fall-2026,Holzweiler,12,https://assets.vogue.com/photos/65071ffbd3527d54ea4b3d53/master/w_1280%2Cc_limit/00001-holzweiler-spring-2024-ready-to-wear-credit-gorunway.jpg,Spring 2024 Ready-to-Wear,https://www.vogue.com/fashion-shows/copenhagen-fall-2026/holzweiler
copenhagen-fall-2026,Mark Kenly Domino Tan,1,https://assets.vogue.com/photos/697a2c1bc12e2d5ee757166f/master/w_2560%2Cc_limit/00001-mkdt-studio-fall-2026-ready-to-wear-copenhagen-credit-gorunway.jpg,Look 1,https://www.vogue.com/fashion-shows/copenhagen-fall-2026/mark-kenly-domino-tan
copenhagen-fall-2026,Mark Kenly Domino Tan,2,https://assets.vogue.com/photos/697a2c1b6387df7f76abd5fa/master/w_2560%2Cc_limit/00002-mkdt-studio-fall-2026-ready-to-wear-copenhagen-credit-gorunway.jpg,Look 2,https://www.vogue.com/fashion-shows/copenhagen-fall-2026/mark-kenly-domino-tan
copenhagen-fall-2026,Mark Kenly Domino Tan,3,https://assets.vogue.com/photos/697a2c1ce7ea7b161a53b9e3/master/w_2560%2Cc_limit/00003-mkdt-studio-fall-2026-ready-to-wear-copenhagen-credit-gorunway.jpg,Look 3,https://www.vogue.com/fashion-shows/copenhagen-fall-2026/mark-kenly-domino-tan
copenhagen-fall-2026,Mark Kenly Domino Tan,4,https://assets.vogue.com/photos/697a2c1e2cc86222f17cdf05/master/w_2560%2Cc_limit/00004-mkdt-studio-fall-2026-ready-to-wear-copenhagen-credit-gorunway.jpg,Look 4,https://www.vogue.com/fashion-shows/copenhagen-fall-2026/mark-kenly-domino-tan
copenhagen-fall-2026,Mark Kenly Domino Tan,5,https://assets.vogue.com/photos/697a2c1f2e7ff3ac8422a33a/master/w_2560%2Cc_limit/00005-mkdt-studio-fall-2026-ready-to-wear-copenhagen-credit-gorunway.jpg,Look 5,https://www.vogue.com/fashion-shows/copenhagen-fall-2026/mark-kenly-domino-tan
copenhagen-fall-2026,Mark Kenly Domino Tan,6,https://assets.vogue.com/photos/697a2c1fb3061247e06260d2/master/w_2560%2Cc_limit/00006-mkdt-studio-fall-2026-ready-to-wear-copenhagen-credit-gorunway.jpg,Look 6,https://www.vogue.com/fashion-shows/copenhagen-fall-2026/mark-kenly-domino-tan
copenhagen-fall-2026,Mark Kenly Domino Tan,7,https://assets.vogue.com/photos/697a2c676738230cc794d437/master/w_1280%2Cc_limit/00001-mkdt-studio-fall-2026-ready-to-wear-copenhagen-credit-gorunway.jpg,Copenhagen Fall 2026,https://www.vogue.com/fashion-shows/copenhagen-fall-2026/mark-kenly-domino-tan
copenhagen-fall-2026,Mark Kenly Domino Tan,8,https://assets.vogue.com/photos/68937235b6faf31033ccc5b2/master/w_1280%2Cc_limit/00001-mkdt-studio-spring-2026-ready-to-wear-copenhagen-credit-gorunway.jpg,Copenhagen Spring 2026,https://www.vogue.com/fashion-shows/copenhagen-fall-2026/mark-kenly-domino-tan
copenhagen-fall-2026,Mark Kenly Domino Tan,9,https://assets.vogue.com/photos/679a4ac9d0c2929a5cefac10/master/w_1280%2Cc_limit/00001-mkdt-studio-fall-2025-ready-to-wear-copenhagen-credit-gorunway.jpg,Copenhagen Fall 2025,https://www.vogue.com/fashion-shows/copenhagen-fall-2026/mark-kenly-domino-tan
copenhagen-fall-2026,Mark Kenly Domino Tan,10,https://assets.vogue.com/photos/66b38f9085a13fad4823c919/master/w_1280%2Cc_limit/00001-mark-kenly-domino-tan-spring-2025-ready-to-wear-copenhagen-credit-gorunway.jpg,Copenhagen Spring 2025,https://www.vogue.com/fashion-shows/copenhagen-fall-2026/mark-kenly-domino-tan
copenhagen-fall-2026,Mark Kenly Domino Tan,11,https://assets.vogue.com/photos/65bbb355eac0a9411e99b884/master/w_1280%2Cc_limit/00001-mark-kenly-domino-tan-fall-2024-ready-to-wear-copenhagen-credit%2520gorunway.jpg,Copenhagen Fall 2024,https://www.vogue.com/fashion-shows/copenhagen-fall-2026/mark-kenly-domino-tan
copenhagen-fall-2026,Mark Kenly Domino Tan,12,https://assets.vogue.com/photos/64d4fb13c943a2672e3ea096/master/w_1280%2Cc_limit/00001-mark-kenly-domino-tan-spring-2024-ready-to-wear-copenhagen-credit-gorunway.jpg,Copenhagen Spring 2024,https://www.vogue.com/fashion-shows/copenhagen-fall-2026/mark-kenly-domino-tan
copenhagen-fall-2026,Nicklas Skovgaard,1,https://assets.vogue.com/photos/697b8a566ab0c538c9e6ce82/master/w_2560%2Cc_limit/00001-nicklas-skovgaard-fall-2026-ready-to-wear-copenhagen-credit-gorunway.jpg,Look 1,https://www.vogue.com/fashion-shows/copenhagen-fall-2026/nicklas-skovgaard
copenhagen-fall-2026,Nicklas Skovgaard,2,https://assets.vogue.com/photos/697b8a566ab0c538c9e6ce83/master/w_2560%2Cc_limit/00002-nicklas-skovgaard-fall-2026-ready-to-wear-copenhagen-credit-gorunway.jpg,Look 2,https://www.vogue.com/fashion-shows/copenhagen-fall-2026/nicklas-skovgaard
copenhagen-fall-2026,Nicklas Skovgaard,3,https://assets.vogue.com/photos/697b8a56a4f4c19148969d40/master/w_2560%2Cc_limit/00003-nicklas-skovgaard-fall-2026-ready-to-wear-copenhagen-credit-gorunway.jpg,Look 3,https://www.vogue.com/fashion-shows/copenhagen-fall-2026/nicklas-skovgaard
copenhagen-fall-2026,Nicklas Skovgaard,4,https://assets.vogue.com/photos/697b8a59249b102f985475c2/master/w_2560%2Cc_limit/00004-nicklas-skovgaard-fall-2026-ready-to-wear-copenhagen-credit-gorunway.jpg,Look 4,https://www.vogue.com/fashion-shows/copenhagen-fall-2026/nicklas-skovgaard
copenhagen-fall-2026,Nicklas Skovgaard,5,https://assets.vogue.com/photos/697b8a5afd389ad563ab8ef2/master/w_2560%2Cc_limit/00005-nicklas-skovgaard-fall-2026-ready-to-wear-copenhagen-credit-gorunway.jpg,Look 5,https://www.vogue.com/fashion-shows/copenhagen-fall-2026/nicklas-skovgaard
copenhagen-fall-2026,Nicklas Skovgaard,6,https://assets.vogue.com/photos/697b8a599fb2629f7dae8ed8/master/w_2560%2Cc_limit/00006-nicklas-skovgaard-fall-2026-ready-to-wear-copenhagen-credit-gorunway.jpg,Look 6,https://www.vogue.com/fashion-shows/copenhagen-fall-2026/nicklas-skovgaard
copenhagen-fall-2026,Nicklas Skovgaard,7,https://assets.vogue.com/photos/697b8a566ab0c538c9e6ce82/master/w_1280%2Cc_limit/00001-nicklas-skovgaard-fall-2026-ready-to-wear-copenhagen-credit-gorunway.jpg,Copenhagen Fall 2026,https://www.vogue.com/fashion-shows/copenhagen-fall-2026/nicklas-skovgaard
copenhagen-fall-2026,Nicklas Skovgaard,8,https://assets.vogue.com/photos/6894e6eb5854f7f9475f83e2/master/w_1280%2Cc_limit/00001-nicklas-skovgaard-spring-2026-ready-to-wear-copenhagen-credit-gorunway.jpg,Copenhagen Spring 2026,https://www.vogue.com/fashion-shows/copenhagen-fall-2026/nicklas-skovgaard
copenhagen-fall-2026,Nicklas Skovgaard,9,https://assets.vogue.com/photos/6798f848edad15f5718ad823/master/w_1280%2Cc_limit/00001-nicklas-skovgaard-fall-2025-ready-to-wear-copenhagen-credit-gorunway.jpg,Copenhagen Fall 2025,https://www.vogue.com/fashion-shows/copenhagen-fall-2026/nicklas-skovgaard
copenhagen-fall-2026,Nicklas Skovgaard,10,https://assets.vogue.com/photos/66b23cd342ab9626a1dfd9d8/master/w_1280%2Cc_limit/00001-nicklas-skovgaard-spring-2025-ready-to-wear-copenhagen-credit-gorunway.jpg,Copenhagen Spring 2025,https://www.vogue.com/fashion-shows/copenhagen-fall-2026/nicklas-skovgaard
copenhagen-fall-2026,Nicklas Skovgaard,11,https://assets.vogue.com/photos/65b7cf632929cbeeacc4c60f/master/w_1280%2Cc_limit/00001-nicklas-skovgaard-fall-2024-ready-to-wear-copenhagen-credit-gorunway.jpg,Copenhagen Fall 2024,https://www.vogue.com/fashion-shows/copenhagen-fall-2026/nicklas-skovgaard
copenhagen-fall-2026,Nicklas Skovgaard,12,https://assets.vogue.com/photos/64d3567e7410abb2c147e619/master/w_1280%2Cc_limit/00001-nicklas-skovgaard-spring-2024-ready-to-wear-copenhagen-credit-cphfw-james-cochrane.jpg,Copenhagen Spring 2024,https://www.vogue.com/fashion-shows/copenhagen-fall-2026/nicklas-skovgaard
copenhagen-fall-2026,Paolina Russo,1,https://assets.vogue.com/photos/697b98100dc0ca27e0b7b4f7/master/w_2560%2Cc_limit/00001-paolina-russo-fall-2026-ready-to-wear-copenhagen-credit-gorunway.jpg,Look 1,https://www.vogue.com/fashion-shows/copenhagen-fall-2026/paolina-russo
copenhagen-fall-2026,Paolina Russo,2,https://assets.vogue.com/photos/697b9810d71d41d4401b3cd4/master/w_2560%2Cc_limit/00002-paolina-russo-fall-2026-ready-to-wear-copenhagen-credit-gorunway.jpg,Look 2,https://www.vogue.com/fashion-shows/copenhagen-fall-2026/paolina-russo
copenhagen-fall-2026,Paolina Russo,3,https://assets.vogue.com/photos/697b9812a4f4c19148969d4b/master/w_2560%2Cc_limit/00003-paolina-russo-fall-2026-ready-to-wear-copenhagen-credit-gorunway.jpg,Look 3,https://www.vogue.com/fashion-shows/copenhagen-fall-2026/paolina-russo
copenhagen-fall-2026,Paolina Russo,4,https://assets.vogue.com/photos/697b98144b7fc497424ee9c9/master/w_2560%2Cc_limit/00004-paolina-russo-fall-2026-ready-to-wear-copenhagen-credit-gorunway.jpg,Look 4,https://www.vogue.com/fashion-shows/copenhagen-fall-2026/paolina-russo
copenhagen-fall-2026,Paolina Russo,5,https://assets.vogue.com/photos/697b9815848b13d1ce71e6b2/master/w_2560%2Cc_limit/00005-paolina-russo-fall-2026-ready-to-wear-copenhagen-credit-gorunway.jpg,Look 5,https://www.vogue.com/fashion-shows/copenhagen-fall-2026/paolina-russo
copenhagen-fall-2026,Paolina Russo,6,https://assets.vogue.com/photos/697b981a24253e9d5692012e/master/w_2560%2Cc_limit/00006-paolina-russo-fall-2026-ready-to-wear-copenhagen-credit-gorunway.jpg,Look 6,https://www.vogue.com/fashion-shows/copenhagen-fall-2026/paolina-russo
copenhagen-fall-2026,Paolina Russo,7,https://assets.vogue.com/photos/697b97da0c61c27036fbd83a/master/w_1280%2Cc_limit/00001-paolina-russo-fall-2026-ready-to-wear-copenhagen-credit-gorunway.jpg,Copenhagen Fall 2026,https://www.vogue.com/fashion-shows/copenhagen-fall-2026/paolina-russo
copenhagen-fall-2026,Paolina Russo,8,https://assets.vogue.com/photos/68cc5848aae1ef146e85dd58/master/w_1280%2Cc_limit/00001-paolina-russo-spring-2026-ready-to-wear-credit-brand.jpg,Spring 2026 Ready-to-Wear,https://www.vogue.com/fashion-shows/copenhagen-fall-2026/paolina-russo
copenhagen-fall-2026,Paolina Russo,9,https://assets.vogue.com/photos/67f38a8b6f9bc938ca511ac1/master/w_1280%2Cc_limit/00001-paolina-russo-fall-2025-ready-to-wear-credit-brand.jpg,Fall 2025 Ready-to-Wear,https://www.vogue.com/fashion-shows/copenhagen-fall-2026/paolina-russo
copenhagen-fall-2026,Paolina Russo,10,https://assets.vogue.com/photos/66dec57dc4706c12ae88e84b/master/w_1280%2Cc_limit/00001-paolina-russo-spring-2025-ready-to-wear-credit-alex-soroka.jpg,Spring 2025 Ready-to-Wear,https://www.vogue.com/fashion-shows/copenhagen-fall-2026/paolina-russo
copenhagen-fall-2026,Paolina Russo,11,https://assets.vogue.com/photos/65bb5281cb7b92179924aa3d/master/w_1280%2Cc_limit/00001-paolina-russo-fall-2024-ready-to-wear-copenhagen-credit-gorunway.jpg,Copenhagen Fall 2024,https://www.vogue.com/fashion-shows/copenhagen-fall-2026/paolina-russo
copenhagen-fall-2026,Paolina Russo,12,https://assets.vogue.com/photos/64d3a0ce2f26102d3bc792ff/master/w_1280%2Cc_limit/00001-paolina-russo-spring-2024-ready-to-wear-copenhagen-credit-gorunway.jpg,Copenhagen Spring 2024,https://www.vogue.com/fashion-shows/copenhagen-fall-2026/paolina-russo
copenhagen-fall-2026,Rave Review,1,https://assets.vogue.com/photos/697b5df1da1f82e87914f86b/master/w_2560%2Cc_limit/00001-rave-review-fall-2026-ready-to-wear-copenhagen-credit-gorunway.jpg,Look 1,https://www.vogue.com/fashion-shows/copenhagen-fall-2026/rave-review
copenhagen-fall-2026,Rave Review,2,https://assets.vogue.com/photos/697b5df0e7ea7b161a53ba4a/master/w_2560%2Cc_limit/00002-rave-review-fall-2026-ready-to-wear-copenhagen-credit-gorunway.jpg,Look 2,https://www.vogue.com/fashion-shows/copenhagen-fall-2026/rave-review
copenhagen-fall-2026,Rave Review,3,https://assets.vogue.com/photos/697b5df09da7e4af8c938979/master/w_2560%2Cc_limit/00003-rave-review-fall-2026-ready-to-wear-copenhagen-credit-gorunway.jpg,Look 3,https://www.vogue.com/fashion-shows/copenhagen-fall-2026/rave-review
copenhagen-fall-2026,Rave Review,4,https://assets.vogue.com/photos/697b5df2c56fc5ce202c7ae9/master/w_2560%2Cc_limit/00004-rave-review-fall-2026-ready-to-wear-copenhagen-credit-gorunway.jpg,Look 4,https://www.vogue.com/fashion-shows/copenhagen-fall-2026/rave-review
copenhagen-fall-2026,Rave Review,5,https://assets.vogue.com/photos/697b5df3601f6eda3bc1ced5/master/w_2560%2Cc_limit/00005-rave-review-fall-2026-ready-to-wear-copenhagen-credit-gorunway.jpg,Look 5,https://www.vogue.com/fashion-shows/copenhagen-fall-2026/rave-review
copenhagen-fall-2026,Rave Review,6,https://assets.vogue.com/photos/697b5df41a63438bd5bf45a5/master/w_2560%2Cc_limit/00006-rave-review-fall-2026-ready-to-wear-copenhagen-credit-gorunway.jpg,Look 6,https://www.vogue.com/fashion-shows/copenhagen-fall-2026/rave-review
copenhagen-fall-2026,Rave Review,7,https://assets.vogue.com/photos/697b5f98336c71c0967dbae7/master/w_1280%2Cc_limit/00001-rave-review-fall-2026-ready-to-wear-copenhagen-credit-gorunway.jpg,Copenhagen Fall 2026,https://www.vogue.com/fashion-shows/copenhagen-fall-2026/rave-review
copenhagen-fall-2026,Rave Review,8,https://assets.vogue.com/photos/6891e7f9e39c5edb1dba0606/master/w_1280%2Cc_limit/_UMB0013.jpg,Copenhagen Spring 2026,https://www.vogue.com/fashion-shows/copenhagen-fall-2026/rave-review
copenhagen-fall-2026,Rave Review,9,https://assets.vogue.com/photos/67c0d988dfc1a04fb13f514d/master/w_1280%2Cc_limit/00001-rave-review-fall-2025-ready-to-wear-credit-brand.jpg,Fall 2025 Ready-to-Wear,https://www.vogue.com/fashion-shows/copenhagen-fall-2026/rave-review
copenhagen-fall-2026,Rave Review,10,https://assets.vogue.com/photos/66f04aed3f50b7beee3be280/master/w_1280%2Cc_limit/00001-rave-review-spring-2025-ready-to-wear-credit-gorunway.jpg,Spring 2025 Ready-to-Wear,https://www.vogue.com/fashion-shows/copenhagen-fall-2026/rave-review
copenhagen-fall-2026,Rave Review,11,https://assets.vogue.com/photos/65dba2c056447810667431ec/master/w_1280%2Cc_limit/00001-rave-review-fall-2024-ready-to-wear-credit-gorunway.jpg,Fall 2024 Ready-to-Wear,https://www.vogue.com/fashion-shows/copenhagen-fall-2026/rave-review
copenhagen-fall-2026,Rave Review,12,https://assets.vogue.com/photos/6512f89f1c2e13b081a49c4c/master/w_1280%2Cc_limit/00001-rave-review-spring-2024-ready-to-wear-credit-gorunway.jpg,Spring 2024 Ready-to-Wear,https://www.vogue.com/fashion-shows/copenhagen-fall-2026/rave-review
copenhagen-fall-2026,Skall Studio,1,https://assets.vogue.com/photos/697b96165bb7de098f038e50/master/w_2560%2Cc_limit/00001-skall-studio-fall-2026-ready-to-wear-copenhagen-credit-gorunway.jpg,Look 1,https://www.vogue.com/fashion-shows/copenhagen-fall-2026/skall-studio
copenhagen-fall-2026,Skall Studio,2,https://assets.vogue.com/photos/697b9616186a327f6ac91b6f/master/w_2560%2Cc_limit/00002-skall-studio-fall-2026-ready-to-wear-copenhagen-credit-gorunway.jpg,Look 2,https://www.vogue.com/fashion-shows/copenhagen-fall-2026/skall-studio
copenhagen-fall-2026,Skall Studio,3,https://assets.vogue.com/photos/697b9618f15e6303eee9842f/master/w_2560%2Cc_limit/00003-skall-studio-fall-2026-ready-to-wear-copenhagen-credit-gorunway.jpg,Look 3,https://www.vogue.com/fashion-shows/copenhagen-fall-2026/skall-studio
copenhagen-fall-2026,Skall Studio,4,https://assets.vogue.com/photos/697b961b9ee317237fef98a7/master/w_2560%2Cc_limit/00004-skall-studio-fall-2026-ready-to-wear-copenhagen-credit-gorunway.jpg,Look 4,https://www.vogue.com/fashion-shows/copenhagen-fall-2026/skall-studio
copenhagen-fall-2026,Skall Studio,5,https://assets.vogue.com/photos/697b961b624e034056722952/master/w_2560%2Cc_limit/00005-skall-studio-fall-2026-ready-to-wear-copenhagen-credit-gorunway.jpg,Look 5,https://www.vogue.com/fashion-shows/copenhagen-fall-2026/skall-studio
copenhagen-fall-2026,Skall Studio,6,https://assets.vogue.com/photos/697b961c7541e754a02bfd87/master/w_2560%2Cc_limit/00006-skall-studio-fall-2026-ready-to-wear-copenhagen-credit-gorunway.jpg,Look 6,https://www.vogue.com/fashion-shows/copenhagen-fall-2026/skall-studio
copenhagen-fall-2026,Skall Studio,7,https://assets.vogue.com/photos/697b8cfd4b5f900576808926/master/w_1280%2Cc_limit/PLA00013.jpg,Copenhagen Fall 2026,https://www.vogue.com/fashion-shows/copenhagen-fall-2026/skall-studio
copenhagen-fall-2026,Skall Studio,8,https://assets.vogue.com/photos/68921c03b015b237c0c2c716/master/w_1280%2Cc_limit/00001-skall-studio-spring-2026-ready-to-wear-copenhagen-credit-gorunway.jpg,Copenhagen Spring 2026,https://www.vogue.com/fashion-shows/copenhagen-fall-2026/skall-studio
copenhagen-fall-2026,Skall Studio,9,https://assets.vogue.com/photos/679a2fb14280d110566bd910/master/w_1280%2Cc_limit/00001-skall-studio-fall-2025-ready-to-wear-copenhagen-credit-gorunway.jpg,Copenhagen Fall 2025,https://www.vogue.com/fashion-shows/copenhagen-fall-2026/skall-studio
copenhagen-fall-2026,Skall Studio,10,https://assets.vogue.com/photos/66b34b6e2807f8881f02a4fe/master/w_1280%2Cc_limit/_UMB0012.jpg,Copenhagen Spring 2025,https://www.vogue.com/fashion-shows/copenhagen-fall-2026/skall-studio
copenhagen-fall-2026,Skall Studio,11,https://assets.vogue.com/photos/65ba37596e24549428bffc30/master/w_1280%2Cc_limit/00001-skall-studio-fall-2024-ready-to-wear-copenhagen-credit-gorunway.jpg,Copenhagen Fall 2024,https://www.vogue.com/fashion-shows/copenhagen-fall-2026/skall-studio
copenhagen-fall-2026,Skall Studio,12,https://assets.vogue.com/photos/64d35f18903d9fdc472cab97/master/w_1280%2Cc_limit/00001-skall-studio-spring-2024-ready-to-wear-copenhagen-credit-gorunway.jpg,Copenhagen Spring 2024,https://www.vogue.com/fashion-shows/copenhagen-fall-2026/skall-studio
copenhagen-fall-2026,Stel,1,https://assets.vogue.com/photos/6979f7729112ba4b9ed6b962/master/w_2560%2Cc_limit/00001-stel-fall-2026-ready-to-wear-copenhagen-credit-brand.jpg,Look 1,https://www.vogue.com/fashion-shows/copenhagen-fall-2026/stel
copenhagen-fall-2026,Stel,2,https://assets.vogue.com/photos/6979f7712e7ff3ac8422a31f/master/w_2560%2Cc_limit/00002-stel-fall-2026-ready-to-wear-copenhagen-credit-brand.jpg,Look 2,https://www.vogue.com/fashion-shows/copenhagen-fall-2026/stel
copenhagen-fall-2026,Stel,3,https://assets.vogue.com/photos/6979f7729112ba4b9ed6b964/master/w_2560%2Cc_limit/00003-stel-fall-2026-ready-to-wear-copenhagen-credit-brand.jpg,Look 3,https://www.vogue.com/fashion-shows/copenhagen-fall-2026/stel
copenhagen-fall-2026,Stel,4,https://assets.vogue.com/photos/6979f7755706bbf1a5ea6ab1/master/w_2560%2Cc_limit/00004-stel-fall-2026-ready-to-wear-copenhagen-credit-brand.jpg,Look 4,https://www.vogue.com/fashion-shows/copenhagen-fall-2026/stel
copenhagen-fall-2026,Stel,5,https://assets.vogue.com/photos/6979f77484962dde914f7566/master/w_2560%2Cc_limit/00005-stel-fall-2026-ready-to-wear-copenhagen-credit-brand.jpg,Look 5,https://www.vogue.com/fashion-shows/copenhagen-fall-2026/stel
copenhagen-fall-2026,Stel,6,https://assets.vogue.com/photos/6979f776b3061247e06260b0/master/w_2560%2Cc_limit/00006-stel-fall-2026-ready-to-wear-copenhagen-credit-brand.jpg,Look 6,https://www.vogue.com/fashion-shows/copenhagen-fall-2026/stel
copenhagen-fall-2026,Stel,7,https://assets.vogue.com/photos/6979f7d4747a5f071eb6e15e/master/w_1280%2Cc_limit/00001-stel-fall-2026-ready-to-wear-copenhagen-credit-brand.jpg,Copenhagen Fall 2026,https://www.vogue.com/fashion-shows/copenhagen-fall-2026/stel
copenhagen-fall-2026,Stel,8,https://assets.vogue.com/photos/689373de39adf0a346d2951f/master/w_1280%2Cc_limit/00001-stel-spring-2026-ready-to-wear-copenhagen-credit-gorunway.jpg,Copenhagen Spring 2026,https://www.vogue.com/fashion-shows/copenhagen-fall-2026/stel
copenhagen-fall-2026,Stel,9,https://assets.vogue.com/photos/6797dc657cd9c4300aec6ef9/master/w_1280%2Cc_limit/00001-stel-fall-2025-ready-to-wear-copenhagen-credit-brand.jpg,Copenhagen Fall 2025,https://www.vogue.com/fashion-shows/copenhagen-fall-2026/stel
copenhagen-fall-2026,Stel,10,https://assets.vogue.com/photos/66b3e203a12672dfe0fc44c8/master/w_1280%2Cc_limit/00001-stel-spring-2025-ready-to-wear-copenhagen-credit-brand.jpg,Copenhagen Spring 2025,https://www.vogue.com/fashion-shows/copenhagen-fall-2026/stel
copenhagen-fall-2026,Stine Goya,1,https://assets.vogue.com/photos/697653dabde8fe02c9145182/master/w_2560%2Cc_limit/00001-stine-goya-fall-2026-ready-to-wear-copenhagen-credit-brand.jpg,Look 1,https://www.vogue.com/fashion-shows/copenhagen-fall-2026/stine-goya
copenhagen-fall-2026,Stine Goya,2,https://assets.vogue.com/photos/697653dbc406c6f7a17053b3/master/w_2560%2Cc_limit/00002-stine-goya-fall-2026-ready-to-wear-copenhagen-credit-brand.jpg,Look 2,https://www.vogue.com/fashion-shows/copenhagen-fall-2026/stine-goya
copenhagen-fall-2026,Stine Goya,3,https://assets.vogue.com/photos/697653dbe2f24a7266c86473/master/w_2560%2Cc_limit/00003-stine-goya-fall-2026-ready-to-wear-copenhagen-credit-brand.jpg,Look 3,https://www.vogue.com/fashion-shows/copenhagen-fall-2026/stine-goya
copenhagen-fall-2026,Stine Goya,4,https://assets.vogue.com/photos/697653dd9415d1616feac75e/master/w_2560%2Cc_limit/00004-stine-goya-fall-2026-ready-to-wear-copenhagen-credit-brand.jpg,Look 4,https://www.vogue.com/fashion-shows/copenhagen-fall-2026/stine-goya
copenhagen-fall-2026,Stine Goya,5,https://assets.vogue.com/photos/697653de2b88a173485a1d76/master/w_2560%2Cc_limit/00005-stine-goya-fall-2026-ready-to-wear-copenhagen-credit-brand.jpg,Look 5,https://www.vogue.com/fashion-shows/copenhagen-fall-2026/stine-goya
copenhagen-fall-2026,Stine Goya,6,https://assets.vogue.com/photos/697653def0ab1e04a867e890/master/w_2560%2Cc_limit/00006-stine-goya-fall-2026-ready-to-wear-copenhagen-credit-brand.jpg,Look 6,https://www.vogue.com/fashion-shows/copenhagen-fall-2026/stine-goya
copenhagen-fall-2026,Stine Goya,7,https://assets.vogue.com/photos/6976540f9415d1616feac760/master/w_1280%2Cc_limit/00001-stine-goya-fall-2026-ready-to-wear-copenhagen-credit-brand.jpg,Copenhagen Fall 2026,https://www.vogue.com/fashion-shows/copenhagen-fall-2026/stine-goya
copenhagen-fall-2026,Stine Goya,8,https://assets.vogue.com/photos/690360a540c24611fd734b5e/master/w_1280%2Cc_limit/00001-stine-goya-pre-fall-2026-credit-brand.jpg,Pre-Fall 2026,https://www.vogue.com/fashion-shows/copenhagen-fall-2026/stine-goya
copenhagen-fall-2026,Stine Goya,9,https://assets.vogue.com/photos/6891c939f8d5248f3a160df8/master/w_1280%2Cc_limit/00001-stine-goya-spring-2026-ready-to-wear-copenhagen-credit-brand.jpg,Copenhagen Spring 2026,https://www.vogue.com/fashion-shows/copenhagen-fall-2026/stine-goya
copenhagen-fall-2026,Stine Goya,10,https://assets.vogue.com/photos/681b4bf31b517100fcdf9167/master/w_1280%2Cc_limit/00001-stine-goya-resort-2026-credit-brand.jpg,Resort 2026,https://www.vogue.com/fashion-shows/copenhagen-fall-2026/stine-goya
copenhagen-fall-2026,Stine Goya,11,https://assets.vogue.com/photos/679d458019e4645f50d8d937/master/w_1280%2Cc_limit/00001-stine-goya-fall-2025-ready-to-wear-copenhagen-credit-cphfw.jpg,Copenhagen Fall 2025,https://www.vogue.com/fashion-shows/copenhagen-fall-2026/stine-goya
copenhagen-fall-2026,Stine Goya,12,https://assets.vogue.com/photos/6724f239f041a1177f01cea1/master/w_1280%2Cc_limit/00001-stine-goya-pre-fall-2025-credit-brand.jpg,Pre-Fall 2025,https://www.vogue.com/fashion-shows/copenhagen-fall-2026/stine-goya
copenhagen-fall-2026,Studio Constance,1,https://assets.vogue.com/photos/6978fbeb046219acae13c3e5/master/w_2560%2Cc_limit/00001-studio-constance-fall-2026-ready-to-wear-copenhagen-credit-gorunway.jpg,Look 1,https://www.vogue.com/fashion-shows/copenhagen-fall-2026/studio-constance
copenhagen-fall-2026,Studio Constance,2,https://assets.vogue.com/photos/6978fbec07d6d62b3cfa15fa/master/w_2560%2Cc_limit/00002-studio-constance-fall-2026-ready-to-wear-copenhagen-credit-gorunway.jpg,Look 2,https://www.vogue.com/fashion-shows/copenhagen-fall-2026/studio-constance
copenhagen-fall-2026,Studio Constance,3,https://assets.vogue.com/photos/6978fbec3f0eefba8e86767a/master/w_2560%2Cc_limit/00003-studio-constance-fall-2026-ready-to-wear-copenhagen-credit-gorunway.jpg,Look 3,https://www.vogue.com/fashion-shows/copenhagen-fall-2026/studio-constance
copenhagen-fall-2026,Studio Constance,4,https://assets.vogue.com/photos/6978fbf007d6d62b3cfa15fc/master/w_2560%2Cc_limit/00004-studio-constance-fall-2026-ready-to-wear-copenhagen-credit-gorunway.jpg,Look 4,https://www.vogue.com/fashion-shows/copenhagen-fall-2026/studio-constance
copenhagen-fall-2026,Studio Constance,5,https://assets.vogue.com/photos/6978fbefdd36f2c90b340c9c/master/w_2560%2Cc_limit/00005-studio-constance-fall-2026-ready-to-wear-copenhagen-credit-gorunway.jpg,Look 5,https://www.vogue.com/fashion-shows/copenhagen-fall-2026/studio-constance
copenhagen-fall-2026,Studio Constance,6,https://assets.vogue.com/photos/6978fbf0ebf1c5c26848e7ba/master/w_2560%2Cc_limit/00006-studio-constance-fall-2026-ready-to-wear-copenhagen-credit-gorunway.jpg,Look 6,https://www.vogue.com/fashion-shows/copenhagen-fall-2026/studio-constance
copenhagen-fall-2026,Studio Constance,7,https://assets.vogue.com/photos/6978fc76cf58fa8f09f608ec/master/w_1280%2Cc_limit/00001-studio-constance-fall-2026-ready-to-wear-copenhagen-credit-gorunway.jpg,Copenhagen Fall 2026,https://www.vogue.com/fashion-shows/copenhagen-fall-2026/studio-constance
copenhagen-fall-2026,Sunflower,1,https://assets.vogue.com/photos/697ba68a4b5f90057680892e/master/w_2560%2Cc_limit/00001-sunflower-fall-2026-ready-to-wear-copenhagen-credit-gorunway.jpg,Look 1,https://www.vogue.com/fashion-shows/copenhagen-fall-2026/sunflower
copenhagen-fall-2026,Sunflower,2,https://assets.vogue.com/photos/697ba68b70c2ac35b2a774ac/master/w_2560%2Cc_limit/00002-sunflower-fall-2026-ready-to-wear-copenhagen-credit-gorunway.jpg,Look 2,https://www.vogue.com/fashion-shows/copenhagen-fall-2026/sunflower
copenhagen-fall-2026,Sunflower,3,https://assets.vogue.com/photos/697ba68b2b5d895952dc1ee9/master/w_2560%2Cc_limit/00003-sunflower-fall-2026-ready-to-wear-copenhagen-credit-gorunway.jpg,Look 3,https://www.vogue.com/fashion-shows/copenhagen-fall-2026/sunflower
copenhagen-fall-2026,Sunflower,4,https://assets.vogue.com/photos/697ba68e4b5f900576808930/master/w_2560%2Cc_limit/00004-sunflower-fall-2026-ready-to-wear-copenhagen-credit-gorunway.jpg,Look 4,https://www.vogue.com/fashion-shows/copenhagen-fall-2026/sunflower
copenhagen-fall-2026,Sunflower,5,https://assets.vogue.com/photos/697ba69083f57b22d25a1560/master/w_2560%2Cc_limit/00005-sunflower-fall-2026-ready-to-wear-copenhagen-credit-gorunway.jpg,Look 5,https://www.vogue.com/fashion-shows/copenhagen-fall-2026/sunflower
copenhagen-fall-2026,Sunflower,6,https://assets.vogue.com/photos/697ba691e3d1b6b9c9c1e033/master/w_2560%2Cc_limit/00006-sunflower-fall-2026-ready-to-wear-copenhagen-credit-gorunway.jpg,Look 6,https://www.vogue.com/fashion-shows/copenhagen-fall-2026/sunflower
copenhagen-fall-2026,Sunflower,7,https://assets.vogue.com/photos/697ba691d71d41d4401b3cdc/master/w_2560%2Cc_limit/00007-sunflower-fall-2026-ready-to-wear-copenhagen-credit-gorunway.jpg,Look 7,https://www.vogue.com/fashion-shows/copenhagen-fall-2026/sunflower
copenhagen-fall-2026,Sunflower,8,https://assets.vogue.com/photos/697ba6952440f172b9d5e427/master/w_2560%2Cc_limit/00008-sunflower-fall-2026-ready-to-wear-copenhagen-credit-gorunway.jpg,Look 8,https://www.vogue.com/fashion-shows/copenhagen-fall-2026/sunflower
copenhagen-fall-2026,Sunflower,9,https://assets.vogue.com/photos/697b975174bd4068b43b7b3a/master/w_1280%2Cc_limit/PLA00008.jpg,Copenhagen Fall 2026,https://www.vogue.com/fashion-shows/copenhagen-fall-2026/sunflower
copenhagen-fall-2026,Sunflower,10,https://assets.vogue.com/photos/6893b320489743b5fffecad4/master/w_1280%2Cc_limit/00001-sunflower-spring-2026-ready-to-wear-copenhagen-credit-gorunway.jpg,Copenhagen Spring 2026,https://www.vogue.com/fashion-shows/copenhagen-fall-2026/sunflower
copenhagen-fall-2026,Sunflower,11,https://assets.vogue.com/photos/679fb5f9b5a131489d7ab5da/master/w_1280%2Cc_limit/00001-sunflower-fall-2025-menswear-credit-brand.jpg,Fall 2025 Menswear,https://www.vogue.com/fashion-shows/copenhagen-fall-2026/sunflower
copenhagen-fall-2026,Sunflower,12,https://assets.vogue.com/photos/66b9e29c51a4d23de4b1b213/master/w_1280%2Cc_limit/00001-sunflower-spring-2025-ready-to-wear-copenhagen-credit-brand.jpg,Copenhagen Spring 2025,https://www.vogue.com/fashion-shows/copenhagen-fall-2026/sunflower
copenhagen-fall-2026,Sunflower,13,https://assets.vogue.com/photos/65c13ce0123bd1401fe7eafa/master/w_1280%2Cc_limit/00001-sunflower-copenhagen-fall-2024-menswear-credit-brand.jpg,Copenhagen Fall 2024,https://www.vogue.com/fashion-shows/copenhagen-fall-2026/sunflower
copenhagen-fall-2026,Sunflower,14,https://assets.vogue.com/photos/64d28acdf89668452743c31c/master/w_1280%2Cc_limit/00001-sunflower-spring-2024-ready-to-wear-copenhagen-credit-gorunway.jpg,Copenhagen Spring 2024,https://www.vogue.com/fashion-shows/copenhagen-fall-2026/sunflower
copenhagen-fall-2026,The Garment,1,https://assets.vogue.com/photos/6979ff94def87d2e0c469fff/master/w_2560%2Cc_limit/00001-the-garment-fall-2026-ready-to-wear-copenhagen-credit-gorunway.jpg,Look 1,https://www.vogue.com/fashion-shows/copenhagen-fall-2026/the-garment
copenhagen-fall-2026,The Garment,2,https://assets.vogue.com/photos/6979ff945706bbf1a5ea6ab3/master/w_2560%2Cc_limit/00002-the-garment-fall-2026-ready-to-wear-copenhagen-credit-gorunway.jpg,Look 2,https://www.vogue.com/fashion-shows/copenhagen-fall-2026/the-garment
copenhagen-fall-2026,The Garment,3,https://assets.vogue.com/photos/6979ff94c67495a34e2b6397/master/w_2560%2Cc_limit/00003-the-garment-fall-2026-ready-to-wear-copenhagen-credit-gorunway.jpg,Look 3,https://www.vogue.com/fashion-shows/copenhagen-fall-2026/the-garment
copenhagen-fall-2026,The Garment,4,https://assets.vogue.com/photos/6979ff979e7af70223aab903/master/w_2560%2Cc_limit/00004-the-garment-fall-2026-ready-to-wear-copenhagen-credit-gorunway.jpg,Look 4,https://www.vogue.com/fashion-shows/copenhagen-fall-2026/the-garment
copenhagen-fall-2026,The Garment,5,https://assets.vogue.com/photos/6979ff97d020de4c61f9a52f/master/w_2560%2Cc_limit/00005-the-garment-fall-2026-ready-to-wear-copenhagen-credit-gorunway.jpg,Look 5,https://www.vogue.com/fashion-shows/copenhagen-fall-2026/the-garment
copenhagen-fall-2026,The Garment,6,https://assets.vogue.com/photos/6979ff989e7af70223aab905/master/w_2560%2Cc_limit/00006-the-garment-fall-2026-ready-to-wear-copenhagen-credit-gorunway.jpg,Look 6,https://www.vogue.com/fashion-shows/copenhagen-fall-2026/the-garment
copenhagen-fall-2026,The Garment,7,https://assets.vogue.com/photos/6979ffeef7bbf554af311cc0/master/w_1280%2Cc_limit/00001-the-garment-fall-2026-ready-to-wear-copenhagen-credit-gorunway.jpg,Copenhagen Fall 2026,https://www.vogue.com/fashion-shows/copenhagen-fall-2026/the-garment
copenhagen-fall-2026,The Garment,8,https://assets.vogue.com/photos/6926cdbc6f1483b6bd77bc2d/master/w_1280%2Cc_limit/00001-the-garment-pre-fall-2026-credit-brand.jpg,Pre-Fall 2026,https://www.vogue.com/fashion-shows/copenhagen-fall-2026/the-garment
copenhagen-fall-2026,The Garment,9,https://assets.vogue.com/photos/6893483a68d761a0aa4b7f98/master/w_1280%2Cc_limit/00001-the-garment-spring-2026-ready-to-wear-copenhagen-credit-gorunway.jpg,Copenhagen Spring 2026,https://www.vogue.com/fashion-shows/copenhagen-fall-2026/the-garment
copenhagen-fall-2026,The Garment,10,https://assets.vogue.com/photos/685917700a8873204568b693/master/w_1280%2Cc_limit/00001-the-garment-resort-2026-credit-marco-van-rijt.jpg,Resort 2026,https://www.vogue.com/fashion-shows/copenhagen-fall-2026/the-garment
copenhagen-fall-2026,The Garment,11,https://assets.vogue.com/photos/679a2852edc98c1612c21425/master/w_1280%2Cc_limit/00001-the-garment-fall-2025-ready-to-wear-copenhagen-credit-gorunway.jpg,Copenhagen Fall 2025,https://www.vogue.com/fashion-shows/copenhagen-fall-2026/the-garment
copenhagen-fall-2026,The Garment,12,https://assets.vogue.com/photos/675c53cbdfd9edba8d6a4b15/master/w_1280%2Cc_limit/00001-the-garment-pre-fall-2025-credit-brand.jpg,Pre-Fall 2025,https://www.vogue.com/fashion-shows/copenhagen-fall-2026/the-garment
